AccountStatusID,AccountStatus,Description,CreatedDate,CreatedBy,ModifiedDate,ModifiedBy
1,Pre-Open,Waiting for customer identification and credit check process to complete,03-05-2005,1,14-06-2005,2
2,Active,Subject to withdrawal and deposit. Subject to FSA reporting.,03-05-2005,1,14-06-2005,3
3,Suspended,Customer unable to make withdrawal or deposit. On Balance Sheet and subject to FSA reporting.,03-05-2005,1,14-06-2005,5
4,Closed,Customer unable to make withdrawal or deposit. Off balance sheet and not reported to FSA.,03-05-2005,1,14-06-2005,6
