AccountID,BranchCode,AccountNumber,Currency Code,DateOpened,Status,DateClosed,AccountTypeCode,ProductID,JoinedAccountIndicator,AccountOfficer,CurrentBalance,CreatedDate,CreatedBy,ModifiedDate,ModifiedBy
1,219,2129001,GBP,03-05-2005,11,,C,2,Y,6,"4,200.21",03-05-2005,1,14-06-2005,4
2,413,2138450,GBP,12-12-2008,13,06-07-2010,C,2,N,12,0,12-12-2008,2,23-01-2009,5
3,413,2157183,GBP,08-06-2007,11,,C,2,N,6,512.44,08-06-2007,3,20-07-2007,6
4,413,2248922,GBP,19-02-2008,11,,S,1,N,6,307.85,19-02-2008,5,01-04-2008,2
5,413,2180932,GBP,06-07-2010,11,,S,1,N,12,229.87,06-07-2010,2,17-08-2010,5
6,219,2174015,GBP,05-08-2006,11,,M,4,Y,6,"-98,309.91",05-08-2006,1,16-09-2006,4
