CustomerID,Title,FirstName,MiddleName,LastName,DateofBirth,Gender,RegistrationDate,IdentificationDocumentCode,ProofofAddressCode,NumberofAccounts,OccupationID,MaritalStatusCode,NumberofChildren,MonthsinCurrentAddress,EstimatedAnnualIncome,HouseOwnershipCode,CreatedDate,CreatedBy,ModifiedDate,ModifiedBy
1,Mr,David,K.,Foster,23-04-1964,M,03-05-2005,IC,EB,1,1,M,2,42,38000,OM,03-05-2005,1,06-05-2011,4
2,Mrs,Kate,Juliette,Foster,09-08-1967,F,03-05-2005,DL,GB,1,2,M,2,60,23000,OM,03-05-2005,1,06-05-2011,4
3,Miss,Cora,,Miller,19-02-1979,F,12-12-2008,P,WB,2,3,S,0,18,41000,RP,12-12-2008,2,09-08-2011,5
4,Dr,James,B.,Leyworth,12-11-1981,M,08-06-2007,MI,CTB,1,4,D,0,25,27500,OO,08-06-2007,3,09-01-2012,6
